------------------------------------------------------------------------------
     PERFORMANCE ANALYSIS2018-07-11 19:44:17.880413

Start time: 19:23:22.981243			  End time: 19:44:17.877649
# of publishers processed: 244		  # of emails found: 92
# failed connections:  56 		      Out of:  244 (22.95%)

% of total emails found: 37.70%
% of emails from working connections found: 48.94%
------------------------------------------------------------------------------
Business,Forbes@pubservice.com,http://www.forbes.com/fdc/contact.html,forbes.com
Business,null,https://www.theguardian.com/info/1999/nov/22/contributors-guide-and-contacts,theguardian.com
Business,contributors@businessinsider.com,http://www.businessinsider.com/contribute-to-business-insider,businessinsider.com
Business,null,http://www.fastcompany.com/3008467/guidelines-submitting-contributed-articles-fast-company-and-tips-getting-published,fastcompany.com
Business,null,http://www.entrepreneur.com/page/236106,entrepreneur.com
Business,contributors@inc.com,http://www.inc.com/about/contact_us.html,inc.com
Business,null,http://searchengineland.com/how-to-become-a-guest-contributor,searchengineland.com
Business,null,http://www.texasenterprise.utexas.edu/contributor-guidelines,texasenterprise.utexas.edu
Business,null,http://www.csmonitor.com/About/Contributor-guidelines,csmonitor.com
Business,null,http://readwrite.com/contributor-guidelines/,readwrite.com
Business,editorial@wired.co.uk,http://www.wired.co.uk/article/contributor-guidelines,wired.co.uk
Business,null,http://smallbiztrends.com/about/article-submission-guidelines,smallbiztrends.com
Business,null,http://www.business2community.com/become-a-contributor,business2community.com
Business,null,http://www.nolo.com/advertisers/exposure,nolo.com
Business,null,http://www.allbusiness.com/guest-post-overview/,allbusiness.com
Business,vahe@marketingprofs.com,http://www.marketingprofs.com/write-for-us,marketingprofs.com
Business,null,http://www.manta.com/resources/mantas-expert-contributor-guidelines/,manta.com
Business,smt.support@industrydive.com,http://www.socialmediatoday.com/contribute,socialmediatoday.com
Business,julia.rampen@newstatesman.co.uk,http://www.newstatesman.com/contributor-guidelines,newstatesman.com
Business,null,https://blog.optimizely.com/guest-contributor-guidelines/,blog.optimizely.com
Business,mstromberg@planning.org,https://www.planning.org/planning/suggestions.htm,planning.org
Business,Shauna@BreathingProsperity.com,http://www.dailyblogtips.com/daily-blog-tips-guest-post-guidelines/,dailyblogtips.com
Business,contributors@socialmediaweek.org,https://socialmediaweek.org/contributor-guidelines/,socialmediaweek.org
Business,local@inman.com,https://www.inman.com/local-contributor-guidelines/,inman.com
Business,kateri@paloalto.com,http://articles.bplans.com/authors/,articles.bplans.com
Business,null,http://digitally.cognizant.com/write-for-us/,digitally.cognizant.com
Business,laura.panjwani@advantagemedia.com,http://www.rdmag.com/content/contribute-rd-magazine,rdmag.com
Business,null,http://www.searchenginepeople.com/blog/submit-guest-post-writer.html,searchenginepeople.com
Business,null,https://www.fiverr.com/hassangill,socialnomics.net
Business,null,https://www.techwyse.com/write-for-us/,techwyse.com
Business,grace@rethinkingschools.org,https://www.rethinkingschools.org/about/guidelines.shtml,rethinkingschools.org
Business,askus@smallbusinessbc.ca,http://smallbusinessbc.ca/write-for-us/,smallbusinessbc.ca
Business,null,http://www.bizsugar.com/guidelines/,bizsugar.com
Business,null,https://www.fiverr.com/hassangill,b2bmarketing.net
Business,null,http://menwithpens.ca/guest-post-guidelines/,menwithpens.ca
Business,null,http://tsys.com/Assets/TSYS/ngenuity/downloads/ngenuity-contributor-guidelines.pdf,tsys.com
Business,null,https://www.ahri.com.au/__data/assets/pdf_file/0003/43095/AHRI-HRM-contributor-guidelines-January-2016.pdf,ahri.com.au
Business,guest@alleywatch.com,http://www.alleywatch.com/guest/,alleywatch.com
Business,bkcommunity@bkpub.com,https://www.bkconnection.com/home/find-what-you-need/article-contributor-guidelines,bkconnection.com
Business,null,http://succeedasyourownboss.com/write-for-us/,succeedasyourownboss.com
Business,null,http://ecopreneurist.com/want-to-write-for-our-network/,ecopreneurist.com
Business,Jamie.Turner@60SecondMarketer.com,http://60secondmarketer.com/guest-post/,60secondmarketer.com
Business,null,http://myventurepad.com/submit-guest-post/,myventurepad.com
Business,editors@writing-world.com,http://www.writing-world.com/admin1/guidelines.shtml,writing-world.com
Business,null,https://mirasee.com/write-for-us/,mirasee.com
Business,null,http://www.womenonbusiness.com/write-for-women-on-business/,womenonbusiness.com
Business,info@Jcount.com,http://www.jcount.com/submit-your-startup/,jcount.com
Business,editor@hypergridbusiness.com,http://www.hypergridbusiness.com/about/write-for-us/,hypergridbusiness.com
Business,null,http://www.fedsmith.com/write-for-us/,fedsmith.com
Business,null,https://www.onepagecrm.com/blog/business-guest-post-submit-yours,onepagecrm.com
Business,null,http://www.webbizideas.com/guest-post-write-for-us/,webbizideas.com
Business,null,http://leavingworkbehind.com/guest-post/,leavingworkbehind.com
Business,null,http://www.youngupstarts.com/contact/guidelines-for-guest-post-submissions/,youngupstarts.com
Business,null,https://www.fiverr.com/hassangill,betternetworker.com
Business,null,http://diymarketers.com/article-sponsor-options/,diymarketers.com
Business,null,http://organizedassistant.com/contact/write/,organizedassistant.com
Business,editor@freshcup.com,http://www.freshcup.com/resources/contributor-guidelines/,freshcup.com
Business,info@pexnetwork.com,http://www.processexcellencenetwork.com/become-a-contributor,processexcellencenetwork.com
Business,null,https://www.clearvoice.com/create-contributor-guidelines-will-get-great-content-every-time/,clearvoice.com
Business,null,http://yfsmagazine.com/contribute/,yfsmagazine.com
Business,info@businessfirstfamily.com,https://businessfirstfamily.com/write-for-us/,businessfirstfamily.com
Business,null,https://www.fiverr.com/preetirawat,workintown.com
Business,null,https://futuresharks.com/contribute/,futuresharks.com
Business,jackie@birdsontheblog.co.uk,http://birdsontheblog.co.uk/guest-post-requests/,birdsontheblog.co.uk
Business,connect@iamwire.com,http://www.iamwire.com/submit-guest-post,iamwire.com
Business,dvanzant@investorideas.com,http://www.investorideas.com/News-Upload/Contributor-Guidelines.asp,investorideas.com
Business,info@smallbusinessbonfire.com,http://www.smallbusinessbonfire.com/contribute/,smallbusinessbonfire.com
Business,null,http://www.smallbizlabs.com/2012/06/write-for-us-and-dont-get-paid.html,smallbizlabs.com
Business,info@classycareergirl.com,http://www.classycareergirl.com/guest-contributor-guidelines/,classycareergirl.com
Business,null,http://www.responsemagazine.com/contributor-guidelines,responsemagazine.com
Business,null,http://www.smarthustle.com/write-for-us/,smarthustle.com
Business,info@businessblogshub.com,https://www.businessblogshub.com/contact/,businessblogshub.com
Business,null,http://www.smartbloggerz.com/write-for-us/,smartbloggerz.com
Business,null,http://www.techsling.com/submit-article-to-blog/,techsling.com
Business,editor@smallbizclub.com,http://smallbizclub.com/write-for-us/,smallbizclub.com
Business,marc@risingtide-media.com,http://brand-innovators.com/write-for-us/,brand-innovators.com
Business,null,http://startupbeat.com/news_oped_submission/,startupbeat.com
Business,bea.riemschneider@advantagemedia.com,https://www.labdesignnews.com/content/contribute,labdesignnews.com
Business,info@brandignity.com,http://www.brandignity.com/guest-blog-opportunities/,brandignity.com
Business,null,http://peopledevelopmentmagazine.com/wp-content/uploads/2017/01/PEOPLE-DEVELOPMENT-MAGAZINE-CONTENT-GUIDELINES-V17.pdf,peopledevelopmentmagazine.com
Business,null,http://www.life.ca/naturallife/writers/,life.ca
Business,marketing@kerneltraining.com,http://www.bloggodown.com/write-for-us,bloggodown.com
Business,info@corporate-eye.com,http://www.corporate-eye.com/main/write-for-us/,corporate-eye.com
Business,bizmastersglobal@gmail.com,http://bizcatalyst360.com/editorial-guidelines/submit-guest-post/,bizcatalyst360.com
Business,null,https://blog.scottsmarketplace.com/guest-blog-standards-guidelines/,scottsmarketplace.com
Business,null,https://www.fiverr.com/nielgrey,putblog.org
Business,null,http://dukeo.com/guest-post/,dukeo.com
Business,kandersonhealy@brcommunity.com,http://www.brcommunity.com/contributors.php,brcommunity.com
Business,null,http://www.npnparents.org/write-for-npn,npnparents.org
Business,null,http://www.werockyourweb.com/write-for-us/,werockyourweb.com
Business,stories@425business.com,http://425business.com/write-for-us/,425business.com
Business,null,http://ambitionally.com/write-for-us/,ambitionally.com
Business,DanWestern@wealthygorilla.com,http://wealthygorilla.com/write-us/,wealthygorilla.com
Business,lizzy@equestrianprofessional.com,http://www.equestrianprofessional.com/public/558.cfm,equestrianprofessional.com
Business,null,https://www.fiverr.com/nielgrey,no1blog.net
Business,guestblog@clickindustries.com,http://www.clickandinc.com/blog/guest-author/,clickandinc.com
Business,editor.webposts@gmail.com,http://business-fundas.com/write-for-us/,business-fundas.com
Business,null,http://www.thebusinesswomanmedia.com/wp-content/uploads/2014/08/ContributorGuidelines.pdf,thebusinesswomanmedia.com
Business,null,http://www.menaentrepreneur.org/wp-login.php?action=register,menaentrepreneur.org
Business,null,http://makewebworld.com/guest-post/,makewebworld.com
Business,null,http://www.successharbor.com/write-for-us,successharbor.com
Business,info@paradigmcg.com,http://www.alaskaairlinesmagazine.com/contributor/guidelines/,alaskaairlinesmagazine.com
Business,null,https://www.fiverr.com/preetirawat,resourcesworkforce.com
Business,info@optiinfo.com,http://www.optiinfo.com/write-for-us.html,optiinfo.com
Business,null,http://mompreneurmedia.com/guest-posts/,mompreneurmedia.com
Business,null,http://hotinsocialmedia.com/write-for-hot-in-social-media/,hotinsocialmedia.com
Business,info@i2mag.com,http://i2mag.com/guest-post-i2mag/,i2mag.com
Business,null,https://www.fiverr.com/preetirawat,brandwz.com
Business,null,https://www.fiverr.com/preetirawat,chinameer.com
Business,null,https://www.fiverr.com/marialye,runforgrasp.org
Business,null,http://berkeleymarket.com/write-for-us/,berkeleymarket.com
Business,null,https://www.fiverr.com/nielgrey,brainrack.co
Business,null,https://www.fiverr.com/preetirawat,panamainvest2013.com
Business,null,https://rabidofficemonkey.com/write-for-us/,rabidofficemonkey.com
Business,info@ccwdigital.com,http://www.callcenterweekdigital.com/become-a-contributor/,callcenterweekdigital.com
Business,null,https://www.fiverr.com/preetirawat,economag.us
Business,null,https://www.fiverr.com/preetirawat,feic31.com
Business,null,https://www.fiverr.com/edwardjohnson83,thebusinessstartupkit.com
Business,null,http://onehourprofessor.com/guest-posting-guidelines/,onehourprofessor.com
Business,null,https://www.fiverr.com/edwardjohnson83,globalbusinesstrade.net
Business,null,http://www.todaytricks.com/write-for-us/,todaytricks.com
Business,null,http://financenize.com/submit-guest-post-finance-business-insurance-credit-debit/,financenize.com
Business,null,https://www.fiverr.com/preetirawat,arkansasconsumer.org
Business,tricksroad@gmail.com,http://www.tricksroad.com/p/blog-page_18.html,tricksroad.com
Business,producer@smallbusinessesdoitbetter.com,http://smallbusinessesdoitbetter.com/guest/,smallbusinessesdoitbetter.com
Business,quarterly@thecrhs.org,http://www.thecrhs.org/contributors/,thecrhs.org
Business,null,https://www.fiverr.com/preetirawat,jegindustries.com
Business,null,https://www.fiverr.com/preetirawat,entrepreneur-ship.org
Business,null,https://www.fiverr.com/preetirawat,globalprocessservers.com
Business,null,https://www.fiverr.com/janedavies,justlats.com
Business,null,http://collegetribune.ie/write-for-us/,collegetribune.ie
Business,null,http://www.istructuring.com/media/uploads/article_contributor_guidelines.pdf,istructuring.com
Business,null,https://www.fiverr.com/edwardjohnson83,searchprobiz.com
Business,null,https://www.fiverr.com/edwardjohnson83,businessservicestore.com
Business,null,https://www.fiverr.com/jefficus,5kind.com
Business,null,http://www.industrynewscorp.com/contribute/,industrynewscorp.com
Business,null,http://www.marketinginfo.org/p/guest-post.html,marketinginfo.org
Business,null,http://rhour.com/write-guest-post.html,rhour.com
Business,null,http://regionalbusinesstalk.com/write-for-us/,regionalbusinesstalk.com
Business,null,https://www.fiverr.com/edwardjohnson83,marketingoptimizations.com
Business,null,https://www.fiverr.com/nielgrey,reflectcolor.com
Business,null,http://discover-ottawa.org/write-post-business-news/,discover-ottawa.org
Business,null,https://www.fiverr.com/nielgrey,madisonreview.org
Business,null,http://thesmallbusinessblog.net/write-for-us/,thesmallbusinessblog.net
Business,info@expostmagazine.com,http://www.expostmagazine.com/write-for-us/,expostmagazine.com
Business,askus@smallbusinessbc.ca,http://smallbusinessbc.ca/write-for-us/,smallbusinessbc.ca
Business,contact@hashmeta.com,http://www.hashmeta.com/write-for-us/,hashmeta.com
Business,null,http://succeedasyourownboss.com/write-for-us/,succeedasyourownboss.com
Business,stories@425business.com,http://425business.com/write-for-us/,425business.com
Business,null,https://ambitionally.com/write-for-us/,ambitionally.com
Business,null,https://mirasee.com/write-for-us/,mirasee.com
Business,editor@hypergridbusiness.com,http://www.hypergridbusiness.com/about/write-for-us/,hypergridbusiness.com
Business,null,https://blog.timedoctor.com/write-for-us/,blog.timedoctor.com
Business,null,http://www.openforbusinessmagazine.com/write-for-us/,openforbusinessmagazine.com
Business,null,http://www.smarthustle.com/write-for-us/,smarthustle.com
Business,null,https://www.bitcatcha.com/write-for-us/,bitcatcha.com
Business,support@banks.com,http://www.banks.com/write-for-us,banks.com
Business,null,https://jessicanazarali.com/write-for-us/,jessicanazarali.com
Business,info@businessfirstfamily.com,https://businessfirstfamily.com/write-for-us/,businessfirstfamily.com
Business,null,http://www.privacysense.net/write-for-us/,privacysense.net
Business,//support@lemonstand.com,http://blog.lemonstand.com/write-for-us/,blog.lemonstand.com
Business,savvymumsbusiness@gmail.com,http://savvymumsbusiness.org.uk/write-for-us/,savvymumsbusiness.org.uk
Business,jkirk@chocolateuniversityonline.com,http://www.chocolateuniversityonline.com/write-for-us/,chocolateuniversityonline.com
Business,null,http://www.marketingsolved.com/write-for-us/,marketingsolved.com
Business,null,https://www.homebusinesstoday.com.au/write-for-us/,homebusinesstoday.com.au
Business,editor@smallbizclub.com,http://smallbizclub.com/write-for-us/,smallbizclub.com
Business,null,http://digitalbrandinginstitute.com/write-for-us/,digitalbrandinginstitute.com
Business,null,https://thepienews.com/write-for-us/,thepienews.com
Business,null,https://www.alphabetacommerce.com/write-for-us/,alphabetacommerce.com
Business,info@the-editor.net,https://www.the-editor.net/write-for-us/,the-editor.net
Business,null,http://www.likeabossgirls.com/write-for-us-share-your-story/,likeabossgirls.com
Business,null,http://www.prowess.org.uk/category/write-for-us,prowess.org.uk
Business,null,https://financesonline.com/write-for-us/,financesonline.com
Business,null,http://www.massbusinessblog.com/write-for-us/,massbusinessblog.com
Business,null,http://yourbusinesscoachingclub.com/write-for-us/,yourbusinesscoachingclub.com
Business,idea@phoenixandphoenix.net,http://www.phoenixandphoenix.net/write-for-us/,phoenixandphoenix.net
Business,clientcare@intentionalwealthinstitute.org,http://www.intentionalwealthinstitute.org/write-for-us,intentionalwealthinstitute.org
Business,null,http://www.lvmc.org.uk/write-for-us,lvmc.org.uk
Business,null,http://bestofthenorthwest.com/contact-us/write-for-us/,bestofthenorthwest.com
Business,null,http://online-shipping-blog.endicia.com/write-for-us/,online-shipping-blog.endicia.com
Business,contact@onlyfacebook.com,http://onlyfacebook.com/write-for-us/,onlyfacebook.com
Business,editor@noomii.com,http://www.noomii.com/blog/write-for-us,noomii.com
Business,null,http://lesbian-business.com/write-for-us/,lesbian-business.com
Business, lmorgan@itgovernance.co.uk,https://www.itgovernance.co.uk/blog/write-for-us/,itgovernance.co.uk
Business,null,http://www.startmyownbiz.biz/write-for-us/,startmyownbiz.biz
Business,null,https://storyterrace.com/write-for-us/,storyterrace.com
Business,info@businesspartnermagazine.com,http://businesspartnermagazine.com/write-for-us/,businesspartnermagazine.com
Business,null,http://regionalbusinesstalk.com/write-for-us/,regionalbusinesstalk.com
Business,null,http://eybmag.com/tag/write-for-us/,eybmag.com
Business,null,https://www.freelancer.com/work/write-for-us-business/1/,freelancer.com
Business,helpme@makingbusinessmatter.co.uk,https://www.makingbusinessmatter.co.uk/contact-us/write-for-us/,makingbusinessmatter.co.uk
Business,null,http://thebusinessarch.com.au/want-to-write-for-us/,thebusinessarch.com.au
Business,contribute@freelancetofreedomproject.com,http://freelancetofreedomproject.com/write-for-us/,freelancetofreedomproject.com
Business,null,http://business-powerpack.com/write-for-us/,business-powerpack.com
Business,null,http://midlandsbusiness.tv/blog/tag/write-for-us/,midlandsbusiness.tv
Business,sales@intuilab.com,https://www.intuilab.com/write-for-us,intuilab.com
Business,contact@cloudjolt.com,http://cloudjolt.com/write-for-us/,cloudjolt.com
Business,null,http://valuechainmagazine.com/write-for-us/,valuechainmagazine.com
Business,null,http://www.bizsuccessguide.com/write-for-us/,bizsuccessguide.com
Business,info@247businessnews.org,http://www.247businessnews.org/write-for-us/,247businessnews.org
Business,authors@bepublishing.com,http://www.bepublishing.com/about-us/write-for-us/,bepublishing.com
Business,post@seven2success.com,http://www.seven2success.com/write-for-us/,seven2success.com
Business,toure@beansouptimes.com,http://www.beansouptimes.com/about-us/write-for-us/,beansouptimes.com
Business,null,http://veganbusinessmedia.com/write-for-us/,veganbusinessmedia.com
Business,null,http://www.womeninbiznetwork.com/write-for-us-writers-guidelines/,womeninbiznetwork.com
Business,null,https://breedingbusiness.com/write-for-us/,breedingbusiness.com
Business,null,https://lnreview.co.uk/write-for-us/,lnreview.co.uk
Business,null,https://www.sustainablebusinesstoolkit.com/tag/write-for-us/,sustainablebusinesstoolkit.com
Business,marc@risingtide-media.com,http://brand-innovators.com/write-for-us/,brand-innovators.com
Business,null,http://westbocanews.com/about-us/write-for-us,westbocanews.com
Business,contact@secretwbusiness.com,http://www.secretwbusiness.com/write-for-us/,secretwbusiness.com
Business,editor@evolvepolitics.com,http://evolvepolitics.com/write-for-us/,evolvepolitics.com
Business,null,https://www.teachingeslonline.com/write-for-us/,teachingeslonline.com
Business,hello@ellionline.co.uk,http://www.ellionline.co.uk/write-for-us/,ellionline.co.uk
Business,editorial@flop2hit.com,http://www.flop2hit.com/write-for-us/,flop2hit.com
Business,info@businessowl.co.za,http://businessowl.co.za/write-for-us/,businessowl.co.za
Business,info@mbacrystalball.com,http://www.mbacrystalball.com/blog/write-for-us/,mbacrystalball.com
Business,null,http://www.fedsmith.com/write-for-us/,fedsmith.com
Business,editor.webposts@gmail.com,http://www.business-fundas.com/write-for-us/,business-fundas.com
Business,Email@YourDomain.com,http://www.webhostingsecretrevealed.net/write-for-us/,webhostingsecretrevealed.net
Business,null,http://www.wickedcheapboston.com/write-for-us/,wickedcheapboston.com
Business,null,http://shetakesontheworld.com/write-for-us/,shetakesontheworld.com
Business,null,http://businesswolf.org/write-for-us/,businesswolf.org
Business,null,http://www.competing.com/write-for-us/,competing.com
Business,null,http://www.lesbianbusinesscommunity.com/write-for-us,lesbianbusinesscommunity.com
Business,null,https://rabidofficemonkey.com/write-for-us/,rabidofficemonkey.com
Business,null,http://www.wealthywebwriter.com/write-for-us/,wealthywebwriter.com
Business,null,http://indian-business.com/write-for-us/,indian-business.com
Business,hello@blacktobusiness.com,http://blacktobusiness.com/job/write-for-us/,blacktobusiness.com
Business,null,http://www.moneycrashers.com/write-for-us/,moneycrashers.com
Business,contact@ecocitizenaustralia.com.au,http://www.ecocitizenaustralia.com.au/write-for-us/,ecocitizenaustralia.com.au
Business,null,http://www.freelanceshack.com/write-for-us/,freelanceshack.com
Business,null,http://www.choice-online.com/write-for-us/,choice-online.com
Business,info@fincyte.com,http://www.fincyte.com/write-for-us/,fincyte.com
Business,null,http://vesselnews.io/write-for-us/,vesselnews.io
Business,null,http://www.carpedaily.com/write-for-us/,carpedaily.com
Business,null,http://marijuanapolitics.com/write-for-us/,marijuanapolitics.com
Business,null,http://www.flawlessmilano.com/en/write-for-us/,flawlessmilano.com
Business,write@foolishnessfile.com,http://foolishnessfile.com/write-for-us/,foolishnessfile.com
Business,admin@digitalconnectmag.com,http://www.digitalconnectmag.com/write-for-us/,digitalconnectmag.com
Business,mediakit@aprpub.com,http://www.americanpharmaceuticalreview.com/1473-write-for-us/,americanpharmaceuticalreview.com
Business,null,http://www.mywebpresenters.com/write-for-us.php,mywebpresenters.com
Business,info@businessbihar.com,http://www.businessbihar.com/write-for-us/,businessbihar.com
Business,null,http://pestleanalysis.com/write-for-us/,pestleanalysis.com
