Finance,http://www.modestmoney.com/modest-money-guest-post-policy/,null,modestmoney.com
Finance,http://www.iwillteachyoutoberich.com/write-a-guest-post-for-i-will-teach-you-to-be-rich/,support@iwt.com,iwillteachyoutoberich.com
Finance,http://www.investopedia.com/corp/contactus.aspx?type=WriterSubmission,null,investopedia.com
Finance,http://www.geekestateblog.com/contribute/,drew@geekestatelabs.com,geekestateblog.com
Finance,http://bestfinancenetwork.com/submit-guest-post,clark123@gmail.com,bestfinancenetwork.com
Finance,http://www.realdata.com/bl/guest-post-guidelines.html,null,realdata.com
Finance,http://www.biggerpockets.com/renewsblog/biggerpockets-blog-guest-blogger-guidelines-suggestions/,null,biggerpockets.com
Finance,http://blog.comfree.com/write-for-us/#.T_P2g8WEBw1,null,blog.comfree.com
Finance,https://www.fatwallet.com/blog/about,null,fatwallet.com
Finance,http://financetrain.com/contact-us,info@financetrain.com,financetrain.com
Finance,http://investmentyogi.com/Guestblogger.aspx,null,investmentyogi.com
Finance,http://moneysavingmom.com/guest-post-submission-form,null,moneysavingmom.com
Finance,http://www.wisebread.com/make-money-writing-for-wise-bread,recruiting@wisebread.com,wisebread.com
Finance,http://www.getrichslowly.org/submit/guest-post,null,getrichslowly.orgblog
Finance,http://www.biggerpockets.com/contact,null,biggerpockets.com
Finance,http://yourmoneyrelationship.com/write-for-us/,null,yourmoneyrelationship.com
Finance,https://getlenny.com/write-for-us/,null,getlenny.com
Finance,http://www.financialops.org/web/news/write-for-us,news@financialops.org,financialops.org
Finance,http://finance.youngmoney.com/write-for-us/,null,finance.youngmoney.com
Finance,http://www.traderplanet.com/write-for-us/,info@traderplanet.com,traderplanet.com
Finance,http://www.beatingbroke.com/write-for-us/,null,beatingbroke.com
Finance,http://moneyminiblog.com/write-for-us/,null,moneyminiblog.com
Finance,https://untemplater.com/write-for-us/,null,untemplater.com
Finance,http://www.financialfreedomnow.org/write-for-us.html,webmaster@financialfreedomnow.org,financialfreedomnow.org
Finance,http://www.rightaboutmoney.com/write-for-us/,null,rightaboutmoney.com
Finance,http://youngfinances.com/blog/write-for-us/,LaTisha@YoungFinances.com,youngfinances.com
Finance,http://www.smartmoneyjunction.com/write-for-us/,john@smartmoneyjunction.com,smartmoneyjunction.com
Finance,http://pftoday.com/write-for-us,null,pftoday.com
Finance,http://www.revenuerecognition.com/write-for-us,info@revenuerecognition.com,revenuerecognition.com
Finance,http://moneymakersites.com/write-for-us,null,moneymakersites.com
Finance,http://www.personalfinanceninja.com/write-for-us/,null,personalfinanceninja.com
Finance,http://inspiredm.com/write-for-us/,hello@inspiredm.com,inspiredm.com
Finance,http://teensmeanbusiness.com/write-for-us/,null,teensmeanbusiness.com
Finance,http://makingmoneyfastandslow.com/write-for-us/,null,makingmoneyfastandslow.com
Finance,http://blockchainrevolution.global/write-for-us/,null,blockchainrevolution.global
Finance,http://theworldly.co.uk/write-for-us/,null,theworldly.co.uk
Finance,http://www.tfreview.com/write-for-us,null,tfreview.com
Finance,https://unsecured.live/write-for-us/,null,unsecured.live
Finance,http://www.click4personalfinance.com/write-for-us/,null,click4personalfinance.com
Finance,http://www.secureourdream.com/write-for-us/,null,secureourdream.com
Finance,http://epicafinance.com/write-for-us/,null,epicafinance.com
Finance,http://www.forexsq.com/write-for-us/,null,forexsq.com
Finance,http://www.ballersonbudgets.com/blog/write-for-us/,Submissions@BallersOnBudgets.com,ballersonbudgets.com
Finance,http://www.shared-eq.com/write-for-us/,info@shared-eq.com,shared-eq.com
Finance,http://www.pace2race.com/write-for-us/,null,pace2race.com
Finance,http://www.financeblogzone.com/write-for-us/,null,financeblogzone.com
Finance,http://www.sellpension.co.uk/write-for-us,info@sellpension.co.uk,sellpension.co.uk
Finance,http://www.online-investing-tips.com/write-for-us-and-linking-opportunities/,null,online-investing-tips.com
Finance,http://www.themoneyfam.com/write-for-us/,null,themoneyfam.com
Finance,https://www.moneyfile.net/write-for-us/,null,moneyfile.net
Finance,http://www.mathfinance.cn/write-for-us/,abiao@mathfinance.cn,mathfinance.cn
Finance,http://www.homeless.org.uk/news/write-for-us,membership@homelesslink.org.uk,homeless.org.uk
Finance,http://www.binarries.com/write-for-us/,null,binarries.com
Finance,http://www.getbossymag.com/write-for-us,null,getbossymag.com
Finance,http://completepersonalfinance.com/write-for-us/,null,completepersonalfinance.com
Finance,http://misscfo.com/write-for-us/,null,misscfo.com
Finance,https://hongkong.theexpat.com/write-for-us/,enquiry@theexpat.com,hongkong.theexpat.com
Finance,http://www.financemagazineonline.com/p/write-for-us.html,rajiv@financemagazineonline.com,financemagazineonline.com
Finance,http://www.imoney.sg/write-for-us,hello@imoney.sg,imoney.sg
Finance,http://www.smtmagazine.co.uk/write-for-us/,editor@smtmagazine.co.uk,smtmagazine.co.uk
Finance,http://www.moneyzebra.com/write-for-us/,contact@moneyzebra.com,moneyzebra.com
Finance,http://www.vyasinfotech.com/p/write-for-us.html,thevyasinfotech@gmail.com,vyasinfotech.com
Finance,http://www.expertfrugal.com/write-for-us/,null,expertfrugal.com
Finance,https://www.charityjob.co.uk/careeradvice/write-for-us/,null,charityjob.co.uk
Finance,http://plainfront.com/write-for-us/,null,plainfront.com
Finance,http://www.rosewoodlaw.com/write-for-us/,null,rosewoodlaw.com
Finance,http://aaacreditguide.com/write-for-us/,null,aaacreditguide.com
Finance,http://budgetsense.ca/write-for-us/,moremoney@budgetsense.ca,budgetsense.ca
Finance,https://www.peopleperhour.com/job/enjoy-personal-finance-come-write-for-us-1215119,null,peopleperhour.com
Finance,http://consumersguides.com/write-for-us,null,consumersguides.com
Finance,http://becomingyourownbank.com/write-for-us/,mail@becomingyourownbank.com,becomingyourownbank.com
Finance,http://xumagazine.com/write-for-us/,hello@xumagazine.com,xumagazine.com
Finance,http://www.nyasatimes.com/write-for-us/,null,nyasatimes.com
Finance,http://simplefinancereview.com/write-for-us/,null,simplefinancereview.com
Finance,https://www.itrtoday.com/write-for-us/,null,itrtoday.com
Finance,http://econitynepal.com/write-for-us/,info@econitynepal.com,econitynepal.com
Finance,http://www.retireby45.com/write-for-us/,info@retireby45.com,retireby45.com
Finance,http://www.elitepersonalfinance.com/write-for-us/,null,elitepersonalfinance.com
Finance,http://www.bubsociety.com/write-for-us/,info@bubsociety.com,bubsociety.com
Finance,http://www.daytodayfinance.com/write-for-us/,editorddf@gmail.com,daytodayfinance.com
Finance,http://buffettpedia.com/write-for-us-2/,admin@buffettpedia.com,buffettpedia.com
Finance,http://www.indiainfoline.com/article/news-sector-others/write-for-us-and-get-brownie-points-113101907303_1.html,bschool@Indiainfoline.com,indiainfoline.com
Finance,http://forexwithfriends.net/my-posts/write-for-us/,null,forexwithfriends.net
Finance,https://www.thomsonreuters.co.nz/about-us/write-for-us.aspx,supportANZ@thomsonreuters.com,thomsonreuters.co.nz
Finance,http://www.insanevisions.com/write-for-us,info@content.ad?subject=Contact%20from%20Widget%20395961&body=In%20order%20for%20us%20to%20better%20assist%20you%2C%20we%27ve%20added%20the%20following%20details%20to%20track%20where%20you%20saw%20our%20ads.%20Please%20do%20not%20remove%20or%20change%20this%20information.%0A%0APage%20URL:%20https%3A%2F%2Fwww.insanevisions.com,insanevisions.com
Finance,http://myfinances.co.uk/write-for-us/,editor@myfinances.co.uk,myfinances.co.uk
Finance,https://yourescapefrom9to5.com/write-for-us,null,yourescapefrom9to5.com
Finance,http://marketyour.biz/about-us/write-for-us/,null,marketyour.biz
Finance,http://moneybumper.com/write-for-us/,themoneybumper@gmail.com,moneybumper.com
Finance,http://www.betterfinances.co.uk/write-for-us/,null,betterfinances.co.uk
Finance,https://craftresumes.com/write-for-us/,Pivneva.Dasha@craftresumes.com,craftresumes.com
Finance,http://www.leavedebtbehind.com/write-for-us-2/,null,leavedebtbehind.com
Finance,https://www.angrypolicyholders.com/about-us/write-for-us/,null,angrypolicyholders.com
Finance,http://cashrange.com/write-for-us/,abukuorode1@gmail.com,cashrange.com
Finance,http://www.learning-economy.org/write-for-us/,null,learning-economy.org
Finance,http://cpatalent.com/write-for-us/,bob@cpatalent.com,cpatalent.com
Finance,http://www.worldinforms.com/p/write-for-us.html,info.worldinforms@gmail.com,worldinforms.com
Finance,https://libertarianpress.co.uk/write-for-us/,null,libertarianpress.co.uk
Finance,http://smarterspend.com/write-for-us/,null,smarterspend.com
