Business,http://www.forbes.com/fdc/contact.html,Forbes@pubservice.com,forbes.com
Business,https://www.theguardian.com/info/1999/nov/22/contributors-guide-and-contacts,null,theguardian.com
Business,http://www.businessinsider.com/contribute-to-business-insider,contributors@businessinsider.com,businessinsider.com
Business,http://www.fastcompany.com/3008467/guidelines-submitting-contributed-articles-fast-company-and-tips-getting-published,null,fastcompany.com
Business,http://www.entrepreneur.com/page/236106,null,entrepreneur.com
Business,http://www.inc.com/about/contact_us.html,contributors@inc.com,inc.com
Business,http://searchengineland.com/how-to-become-a-guest-contributor,null,searchengineland.com
Business,http://www.texasenterprise.utexas.edu/contributor-guidelines,null,texasenterprise.utexas.edu
Business,http://www.csmonitor.com/About/Contributor-guidelines,null,csmonitor.com
Business,http://readwrite.com/contributor-guidelines/,null,readwrite.com
Business,http://www.wired.co.uk/article/contributor-guidelines,editorial@wired.co.uk,wired.co.uk
Business,http://smallbiztrends.com/about/article-submission-guidelines,null,smallbiztrends.com
Business,http://www.business2community.com/become-a-contributor,null,business2community.com
Business,http://www.nolo.com/advertisers/exposure,null,nolo.com
Business,http://www.allbusiness.com/guest-post-overview/,null,allbusiness.com
Business,http://www.marketingprofs.com/write-for-us,vahe@marketingprofs.com,marketingprofs.com
Business,http://www.manta.com/resources/mantas-expert-contributor-guidelines/,null,manta.com
Business,http://www.socialmediatoday.com/contribute,smt.support@industrydive.com,socialmediatoday.com
Business,http://www.newstatesman.com/contributor-guidelines,julia.rampen@newstatesman.co.uk,newstatesman.com
Business,https://blog.optimizely.com/guest-contributor-guidelines/,null,blog.optimizely.com
Business,https://www.planning.org/planning/suggestions.htm,mstromberg@planning.org,planning.org
Business,http://www.dailyblogtips.com/daily-blog-tips-guest-post-guidelines/,Shauna@BreathingProsperity.com,dailyblogtips.com
Business,https://socialmediaweek.org/contributor-guidelines/,contributors@socialmediaweek.org,socialmediaweek.org
Business,https://www.inman.com/local-contributor-guidelines/,local@inman.com,inman.com
Business,http://articles.bplans.com/authors/,kateri@paloalto.com,articles.bplans.com
Business,http://digitally.cognizant.com/write-for-us/,null,digitally.cognizant.com
Business,http://www.rdmag.com/content/contribute-rd-magazine,laura.panjwani@advantagemedia.com,rdmag.com
Business,http://www.searchenginepeople.com/blog/submit-guest-post-writer.html,null,searchenginepeople.com
Business,https://www.fiverr.com/hassangill,null,socialnomics.net
Business,https://www.techwyse.com/write-for-us/,null,techwyse.com
Business,https://www.rethinkingschools.org/about/guidelines.shtml,grace@rethinkingschools.org,rethinkingschools.org
Business,http://smallbusinessbc.ca/write-for-us/,askus@smallbusinessbc.ca,smallbusinessbc.ca
Business,http://www.bizsugar.com/guidelines/,null,bizsugar.com
Business,https://www.fiverr.com/hassangill,null,b2bmarketing.net
Business,http://menwithpens.ca/guest-post-guidelines/,null,menwithpens.ca
Business,http://tsys.com/Assets/TSYS/ngenuity/downloads/ngenuity-contributor-guidelines.pdf,null,tsys.com
Business,https://www.ahri.com.au/__data/assets/pdf_file/0003/43095/AHRI-HRM-contributor-guidelines-January-2016.pdf,null,ahri.com.au
Business,http://www.alleywatch.com/guest/,guest@alleywatch.com,alleywatch.com
Business,https://www.bkconnection.com/home/find-what-you-need/article-contributor-guidelines,bkcommunity@bkpub.com,bkconnection.com
Business,http://succeedasyourownboss.com/write-for-us/,null,succeedasyourownboss.com
Business,http://ecopreneurist.com/want-to-write-for-our-network/,null,ecopreneurist.com
Business,http://60secondmarketer.com/guest-post/,Jamie.Turner@60SecondMarketer.com,60secondmarketer.com
Business,http://myventurepad.com/submit-guest-post/,null,myventurepad.com
Business,http://www.writing-world.com/admin1/guidelines.shtml,editors@writing-world.com,writing-world.com
Business,https://mirasee.com/write-for-us/,null,mirasee.com
Business,http://www.womenonbusiness.com/write-for-women-on-business/,null,womenonbusiness.com
Business,http://www.jcount.com/submit-your-startup/,info@Jcount.com,jcount.com
Business,http://www.hypergridbusiness.com/about/write-for-us/,editor@hypergridbusiness.com,hypergridbusiness.com
Business,http://www.fedsmith.com/write-for-us/,null,fedsmith.com
Business,https://www.onepagecrm.com/blog/business-guest-post-submit-yours,null,onepagecrm.com
Business,http://www.webbizideas.com/guest-post-write-for-us/,null,webbizideas.com
Business,http://leavingworkbehind.com/guest-post/,null,leavingworkbehind.com
Business,http://www.youngupstarts.com/contact/guidelines-for-guest-post-submissions/,null,youngupstarts.com
Business,https://www.fiverr.com/hassangill,null,betternetworker.com
Business,http://diymarketers.com/article-sponsor-options/,null,diymarketers.com
Business,http://organizedassistant.com/contact/write/,null,organizedassistant.com
Business,http://www.freshcup.com/resources/contributor-guidelines/,editor@freshcup.com,freshcup.com
Business,http://www.processexcellencenetwork.com/become-a-contributor,info@pexnetwork.com,processexcellencenetwork.com
Business,https://www.clearvoice.com/create-contributor-guidelines-will-get-great-content-every-time/,null,clearvoice.com
Business,http://yfsmagazine.com/contribute/,null,yfsmagazine.com
Business,https://businessfirstfamily.com/write-for-us/,info@businessfirstfamily.com,businessfirstfamily.com
Business,https://www.fiverr.com/preetirawat,null,workintown.com
Business,https://futuresharks.com/contribute/,null,futuresharks.com
Business,http://birdsontheblog.co.uk/guest-post-requests/,jackie@birdsontheblog.co.uk,birdsontheblog.co.uk
Business,http://www.iamwire.com/submit-guest-post,connect@iamwire.com,iamwire.com
Business,http://www.investorideas.com/News-Upload/Contributor-Guidelines.asp,dvanzant@investorideas.com,investorideas.com
Business,http://www.smallbusinessbonfire.com/contribute/,info@smallbusinessbonfire.com,smallbusinessbonfire.com
Business,http://www.smallbizlabs.com/2012/06/write-for-us-and-dont-get-paid.html,null,smallbizlabs.com
Business,http://www.classycareergirl.com/guest-contributor-guidelines/,info@classycareergirl.com,classycareergirl.com
Business,http://www.responsemagazine.com/contributor-guidelines,null,responsemagazine.com
Business,http://www.smarthustle.com/write-for-us/,null,smarthustle.com
Business,https://www.businessblogshub.com/contact/,info@businessblogshub.com,businessblogshub.com
Business,http://www.smartbloggerz.com/write-for-us/,null,smartbloggerz.com
Business,http://www.techsling.com/submit-article-to-blog/,null,techsling.com
Business,http://smallbizclub.com/write-for-us/,editor@smallbizclub.com,smallbizclub.com
Business,http://brand-innovators.com/write-for-us/,marc@risingtide-media.com,brand-innovators.com
Business,http://startupbeat.com/news_oped_submission/,null,startupbeat.com
Business,https://www.labdesignnews.com/content/contribute,bea.riemschneider@advantagemedia.com,labdesignnews.com
Business,http://www.brandignity.com/guest-blog-opportunities/,info@brandignity.com,brandignity.com
Business,http://peopledevelopmentmagazine.com/wp-content/uploads/2017/01/PEOPLE-DEVELOPMENT-MAGAZINE-CONTENT-GUIDELINES-V17.pdf,null,peopledevelopmentmagazine.com
Business,http://www.life.ca/naturallife/writers/,null,life.ca
Business,http://www.bloggodown.com/write-for-us,marketing@kerneltraining.com,bloggodown.com
Business,http://www.corporate-eye.com/main/write-for-us/,info@corporate-eye.com,corporate-eye.com
Business,http://bizcatalyst360.com/editorial-guidelines/submit-guest-post/,bizmastersglobal@gmail.com,bizcatalyst360.com
Business,https://blog.scottsmarketplace.com/guest-blog-standards-guidelines/,null,scottsmarketplace.com
Business,https://www.fiverr.com/nielgrey,null,putblog.org
Business,http://dukeo.com/guest-post/,null,dukeo.com
Business,http://www.brcommunity.com/contributors.php,kandersonhealy@brcommunity.com,brcommunity.com
Business,http://www.npnparents.org/write-for-npn,null,npnparents.org
Business,http://www.werockyourweb.com/write-for-us/,null,werockyourweb.com
Business,http://425business.com/write-for-us/,stories@425business.com,425business.com
Business,http://ambitionally.com/write-for-us/,null,ambitionally.com
Business,http://wealthygorilla.com/write-us/,DanWestern@wealthygorilla.com,wealthygorilla.com
Business,http://www.equestrianprofessional.com/public/558.cfm,lizzy@equestrianprofessional.com,equestrianprofessional.com
Business,https://www.fiverr.com/nielgrey,null,no1blog.net
Business,http://www.clickandinc.com/blog/guest-author/,guestblog@clickindustries.com,clickandinc.com
Business,http://business-fundas.com/write-for-us/,editor.webposts@gmail.com,business-fundas.com
Business,http://www.thebusinesswomanmedia.com/wp-content/uploads/2014/08/ContributorGuidelines.pdf,null,thebusinesswomanmedia.com
Business,http://www.menaentrepreneur.org/wp-login.php?action=register,null,menaentrepreneur.org
Business,http://makewebworld.com/guest-post/,null,makewebworld.com
Business,http://www.successharbor.com/write-for-us,null,successharbor.com
Business,http://www.alaskaairlinesmagazine.com/contributor/guidelines/,info@paradigmcg.com,alaskaairlinesmagazine.com
Business,https://www.fiverr.com/preetirawat,null,resourcesworkforce.com
Business,http://www.optiinfo.com/write-for-us.html,info@optiinfo.com,optiinfo.com
Business,http://mompreneurmedia.com/guest-posts/,null,mompreneurmedia.com
Business,http://hotinsocialmedia.com/write-for-hot-in-social-media/,null,hotinsocialmedia.com
Business,http://i2mag.com/guest-post-i2mag/,info@i2mag.com,i2mag.com
Business,https://www.fiverr.com/preetirawat,null,brandwz.com
Business,https://www.fiverr.com/preetirawat,null,chinameer.com
Business,https://www.fiverr.com/marialye,null,runforgrasp.org
Business,http://berkeleymarket.com/write-for-us/,null,berkeleymarket.com
Business,https://www.fiverr.com/nielgrey,null,brainrack.co
Business,https://www.fiverr.com/preetirawat,null,panamainvest2013.com
Business,https://rabidofficemonkey.com/write-for-us/,null,rabidofficemonkey.com
Business,http://www.callcenterweekdigital.com/become-a-contributor/,info@ccwdigital.com,callcenterweekdigital.com
Business,https://www.fiverr.com/preetirawat,null,economag.us
Business,https://www.fiverr.com/preetirawat,null,feic31.com
Business,https://www.fiverr.com/edwardjohnson83,null,thebusinessstartupkit.com
Business,http://onehourprofessor.com/guest-posting-guidelines/,null,onehourprofessor.com
Business,https://www.fiverr.com/edwardjohnson83,null,globalbusinesstrade.net
Business,http://www.todaytricks.com/write-for-us/,null,todaytricks.com
Business,http://financenize.com/submit-guest-post-finance-business-insurance-credit-debit/,null,financenize.com
Business,https://www.fiverr.com/preetirawat,null,arkansasconsumer.org
Business,http://www.tricksroad.com/p/blog-page_18.html,tricksroad@gmail.com,tricksroad.com
Business,http://smallbusinessesdoitbetter.com/guest/,producer@smallbusinessesdoitbetter.com,smallbusinessesdoitbetter.com
Business,http://www.thecrhs.org/contributors/,quarterly@thecrhs.org,thecrhs.org
Business,https://www.fiverr.com/preetirawat,null,jegindustries.com
Business,https://www.fiverr.com/preetirawat,null,entrepreneur-ship.org
Business,https://www.fiverr.com/preetirawat,null,globalprocessservers.com
Business,https://www.fiverr.com/janedavies,null,justlats.com
Business,http://collegetribune.ie/write-for-us/,null,collegetribune.ie
Business,http://www.istructuring.com/media/uploads/article_contributor_guidelines.pdf,null,istructuring.com
Business,https://www.fiverr.com/edwardjohnson83,null,searchprobiz.com
Business,https://www.fiverr.com/edwardjohnson83,null,businessservicestore.com
Business,https://www.fiverr.com/jefficus,null,5kind.com
Business,http://www.industrynewscorp.com/contribute/,null,industrynewscorp.com
Business,http://www.marketinginfo.org/p/guest-post.html,null,marketinginfo.org
Business,http://rhour.com/write-guest-post.html,null,rhour.com
Business,http://regionalbusinesstalk.com/write-for-us/,null,regionalbusinesstalk.com
Business,https://www.fiverr.com/edwardjohnson83,null,marketingoptimizations.com
Business,https://www.fiverr.com/nielgrey,null,reflectcolor.com
Business,http://discover-ottawa.org/write-post-business-news/,null,discover-ottawa.org
Business,https://www.fiverr.com/nielgrey,null,madisonreview.org
Business,http://thesmallbusinessblog.net/write-for-us/,null,thesmallbusinessblog.net
Business,http://www.expostmagazine.com/write-for-us/,info@expostmagazine.com,expostmagazine.com
Business,http://smallbusinessbc.ca/write-for-us/,askus@smallbusinessbc.ca,smallbusinessbc.ca
Business,http://www.hashmeta.com/write-for-us/,contact@hashmeta.com,hashmeta.com
Business,http://succeedasyourownboss.com/write-for-us/,null,succeedasyourownboss.com
Business,http://425business.com/write-for-us/,stories@425business.com,425business.com
Business,https://ambitionally.com/write-for-us/,null,ambitionally.com
Business,https://mirasee.com/write-for-us/,null,mirasee.com
Business,http://www.hypergridbusiness.com/about/write-for-us/,null,hypergridbusiness.com
Business,https://blog.timedoctor.com/write-for-us/,null,blog.timedoctor.com
Business,http://www.openforbusinessmagazine.com/write-for-us/,null,openforbusinessmagazine.com
Business,http://www.smarthustle.com/write-for-us/,null,smarthustle.com
Business,https://www.bitcatcha.com/write-for-us/,null,bitcatcha.com
Business,http://www.banks.com/write-for-us,support@banks.com,banks.com
Business,https://jessicanazarali.com/write-for-us/,null,jessicanazarali.com
Business,https://businessfirstfamily.com/write-for-us/,info@businessfirstfamily.com,businessfirstfamily.com
Business,http://www.privacysense.net/write-for-us/,null,privacysense.net
Business,http://blog.lemonstand.com/write-for-us/,//support@lemonstand.com,blog.lemonstand.com
Business,http://savvymumsbusiness.org.uk/write-for-us/,null,savvymumsbusiness.org.uk
Business,http://www.chocolateuniversityonline.com/write-for-us/,jkirk@chocolateuniversityonline.com,chocolateuniversityonline.com
Business,http://www.marketingsolved.com/write-for-us/,null,marketingsolved.com
Business,https://www.homebusinesstoday.com.au/write-for-us/,null,homebusinesstoday.com.au
Business,http://smallbizclub.com/write-for-us/,editor@smallbizclub.com,smallbizclub.com
Business,http://digitalbrandinginstitute.com/write-for-us/,null,digitalbrandinginstitute.com
Business,https://thepienews.com/write-for-us/,null,thepienews.com
Business,https://www.alphabetacommerce.com/write-for-us/,null,alphabetacommerce.com
Business,https://www.the-editor.net/write-for-us/,info@the-editor.net,the-editor.net
Business,http://www.likeabossgirls.com/write-for-us-share-your-story/,null,likeabossgirls.com
Business,http://www.prowess.org.uk/category/write-for-us,null,prowess.org.uk
Business,https://financesonline.com/write-for-us/,null,financesonline.com
Business,http://www.massbusinessblog.com/write-for-us/,null,massbusinessblog.com
Business,http://yourbusinesscoachingclub.com/write-for-us/,null,yourbusinesscoachingclub.com
Business,http://www.phoenixandphoenix.net/write-for-us/,idea@phoenixandphoenix.net,phoenixandphoenix.net
Business,http://www.intentionalwealthinstitute.org/write-for-us,clientcare@intentionalwealthinstitute.org,intentionalwealthinstitute.org
Business,http://www.lvmc.org.uk/write-for-us,null,lvmc.org.uk
Business,http://bestofthenorthwest.com/contact-us/write-for-us/,null,bestofthenorthwest.com
Business,http://online-shipping-blog.endicia.com/write-for-us/,null,online-shipping-blog.endicia.com
Business,http://onlyfacebook.com/write-for-us/,contact@onlyfacebook.com,onlyfacebook.com
Business,http://www.noomii.com/blog/write-for-us,editor@noomii.com,noomii.com
Business,http://lesbian-business.com/write-for-us/,null,lesbian-business.com
Business,https://www.itgovernance.co.uk/blog/write-for-us/, lmorgan@itgovernance.co.uk,itgovernance.co.uk
Business,http://www.startmyownbiz.biz/write-for-us/,null,startmyownbiz.biz
Business,https://storyterrace.com/write-for-us/,null,storyterrace.com
Business,http://businesspartnermagazine.com/write-for-us/,info@businesspartnermagazine.com,businesspartnermagazine.com
Business,http://regionalbusinesstalk.com/write-for-us/,null,regionalbusinesstalk.com
Business,http://eybmag.com/tag/write-for-us/,null,eybmag.com
Business,https://www.freelancer.com/work/write-for-us-business/1/,null,freelancer.com
Business,https://www.makingbusinessmatter.co.uk/contact-us/write-for-us/,helpme@makingbusinessmatter.co.uk,makingbusinessmatter.co.uk
Business,http://thebusinessarch.com.au/want-to-write-for-us/,null,thebusinessarch.com.au
Business,http://freelancetofreedomproject.com/write-for-us/,contribute@freelancetofreedomproject.com,freelancetofreedomproject.com
Business,http://business-powerpack.com/write-for-us/,null,business-powerpack.com
Business,http://midlandsbusiness.tv/blog/tag/write-for-us/,null,midlandsbusiness.tv
Business,https://www.intuilab.com/write-for-us,sales@intuilab.com,intuilab.com
Business,http://cloudjolt.com/write-for-us/,contact@cloudjolt.com,cloudjolt.com
Business,http://valuechainmagazine.com/write-for-us/,null,valuechainmagazine.com
Business,http://www.bizsuccessguide.com/write-for-us/,null,bizsuccessguide.com
Business,http://www.247businessnews.org/write-for-us/,info@247businessnews.org,247businessnews.org
Business,http://www.bepublishing.com/about-us/write-for-us/,authors@bepublishing.com,bepublishing.com
Business,http://www.seven2success.com/write-for-us/,post@seven2success.com,seven2success.com
Business,http://www.beansouptimes.com/about-us/write-for-us/,null,beansouptimes.com
Business,http://veganbusinessmedia.com/write-for-us/,null,veganbusinessmedia.com
Business,http://www.womeninbiznetwork.com/write-for-us-writers-guidelines/,null,womeninbiznetwork.com
Business,https://breedingbusiness.com/write-for-us/,null,breedingbusiness.com
Business,https://lnreview.co.uk/write-for-us/,null,lnreview.co.uk
Business,https://www.sustainablebusinesstoolkit.com/tag/write-for-us/,null,sustainablebusinesstoolkit.com
Business,http://brand-innovators.com/write-for-us/,null,brand-innovators.com
Business,http://westbocanews.com/about-us/write-for-us,null,westbocanews.com
Business,http://www.secretwbusiness.com/write-for-us/,contact@secretwbusiness.com,secretwbusiness.com
Business,http://evolvepolitics.com/write-for-us/,null,evolvepolitics.com
Business,https://www.teachingeslonline.com/write-for-us/,null,teachingeslonline.com
Business,http://www.ellionline.co.uk/write-for-us/,hello@ellionline.co.uk,ellionline.co.uk
Business,http://www.flop2hit.com/write-for-us/,null,flop2hit.com
Business,http://businessowl.co.za/write-for-us/,info@businessowl.co.za,businessowl.co.za
Business,http://www.mbacrystalball.com/blog/write-for-us/,info@mbacrystalball.com,mbacrystalball.com
Business,http://www.fedsmith.com/write-for-us/,null,fedsmith.com
Business,http://www.business-fundas.com/write-for-us/,editor.webposts@gmail.com,business-fundas.com
Business,http://www.webhostingsecretrevealed.net/write-for-us/,Email@YourDomain.com,webhostingsecretrevealed.net
Business,http://www.wickedcheapboston.com/write-for-us/,null,wickedcheapboston.com
Business,http://shetakesontheworld.com/write-for-us/,null,shetakesontheworld.com
Business,http://businesswolf.org/write-for-us/,null,businesswolf.org
Business,http://www.competing.com/write-for-us/,null,competing.com
Business,http://www.lesbianbusinesscommunity.com/write-for-us,null,lesbianbusinesscommunity.com
Business,https://rabidofficemonkey.com/write-for-us/,null,rabidofficemonkey.com
Business,http://www.wealthywebwriter.com/write-for-us/,null,wealthywebwriter.com
Business,http://indian-business.com/write-for-us/,null,indian-business.com
Business,http://blacktobusiness.com/job/write-for-us/,null,blacktobusiness.com
Business,http://www.moneycrashers.com/write-for-us/,null,moneycrashers.com
Business,http://www.ecocitizenaustralia.com.au/write-for-us/,contact@ecocitizenaustralia.com.au,ecocitizenaustralia.com.au
Business,http://www.freelanceshack.com/write-for-us/,null,freelanceshack.com
Business,http://www.choice-online.com/write-for-us/,null,choice-online.com
Business,http://www.fincyte.com/write-for-us/,info@fincyte.com,fincyte.com
Business,http://vesselnews.io/write-for-us/,null,vesselnews.io
Business,http://www.carpedaily.com/write-for-us/,null,carpedaily.com
Business,http://marijuanapolitics.com/write-for-us/,null,marijuanapolitics.com
Business,http://www.flawlessmilano.com/en/write-for-us/,null,flawlessmilano.com
Business,http://foolishnessfile.com/write-for-us/,write@foolishnessfile.com,foolishnessfile.com
Business,http://www.digitalconnectmag.com/write-for-us/,admin@digitalconnectmag.com,digitalconnectmag.com
Business,http://www.americanpharmaceuticalreview.com/1473-write-for-us/,mediakit@aprpub.com,americanpharmaceuticalreview.com
Business,http://www.mywebpresenters.com/write-for-us.php,null,mywebpresenters.com
Business,http://www.businessbihar.com/write-for-us/,info@businessbihar.com,businessbihar.com
Business,http://pestleanalysis.com/write-for-us/,null,pestleanalysis.com
