Travel,http://www.campingforwomen.com/knowledge-sharing/,nicole@campingforwomen.com,http://www.campingforwomen.com/
Travel,http://travelblog.viator.com/contact-viator/write-for-us/,null,travelblog.viator.com
Travel,http://www.goabroad.com/blog/write-for-us/,careers@goabroad.com,goabroad.com
Travel,http://www.hostelbookers.com/blog/travel/write-for-us/,London.Editor@hostelbookers.com,hostelbookers.com
Travel,http://matadornetwork.com/content/contributors-and-job-applicants/,null,matadornetwork.com
Travel,http://www.bootsnall.com/writers.shtml,null,bootsnall.com
Travel,http://www.desertusa.com/who/du_submissions.html,dusa_feedback@desertusa.com,desertusa.com
Travel,http://www.transitionsabroad.com/information/writers/writers.shtml,webeditorial@transitionsabroad.com,transitionsabroad.com
Travel,http://upscalemagazine.com/upscale-contributor-guidelines/,social@upscalemagazine.com,upscalemagazine.com
Travel,https://www.fiverr.com/janedavies,null,netglobers.com
Travel,http://www.lostgirlsworld.com/contribute/,lostgirlsworld@gmail.com,lostgirlsworld.com
Travel,http://www.hikingthetrail.com/submit-guest-post-ideas/,null,hikingthetrail.com
Travel,https://www.budgetyourtrip.com/blog/write-for-us/,null,budgetyourtrip.com
Travel,https://travelersunited.org/today/editors-note-dont-like-our-politics-then-write-for-us/,null,travelersunited.org
Travel,http://thetravelmanuel.com/write-for-us/,null,thetravelmanuel.com
Travel,http://sixsuitcasetravel.com/blog/write-for-us-big-family-travels/,null,sixsuitcasetravel.com
Travel,http://www.aswesawit.com/about/write-for-us/,dan@aswesawit.com,aswesawit.com
Travel,http://www.vagabondfamily.org/write-for-us/,parents@vagabondfamily.org,vagabondfamily.org
Travel,http://www.urbantravelblog.com/about/submissions/,null,urbantravelblog.com
Travel,http://flirtingwiththeglobe.com/travel-blog-guest-post-policy/,flirtingwiththeglobe@gmail.com,flirtingwiththeglobe.com
Travel,http://www.travelaxis.org/blog/submit-guest-post-write-for-us/,null,travelaxis.org
Travel,https://www.fiverr.com/preetirawat,null,destinator.net
Travel,https://www.westgatereservations.com/be-our-guest-blogger/,null,westgatereservations.com
Travel,http://simplyholidaydeals.co.uk/write-for-us/,null,simplyholidaydeals.co.uk
Travel,http://itsoneworldtravel.com/contact/,brandy@itsoneworldtravel.com,itsoneworldtravel.com
Travel,http://www.howtotravelwithpets.com/contact-us/,null,howtotravelwithpets.com
Travel,http://www.roadaffair.com/write-for-us/,null,roadaffair.com
Travel,https://yogatraveltree.com/write-for-us/,null,yogatraveltree.com
Travel,http://blog.ohheyworld.com/write-for-us/,“shannon@ohheyworld.com,ohheyworld.com
Travel,https://www.fiverr.com/preetirawat,null,seasonic-europe.com
Travel,https://www.fiverr.com/preetirawat,null,goletaagent.com
Travel,http://movinginsider.com/about/guest-posting/,info@movinginsider.com,movinginsider.com
Travel,http://traveltamed.com/submit-a-guest-post/,null,traveltamed.com
Travel,http://www.top100experiences.com.au/add-your-experience/,submissions@top100experiences.com.au,top100experiences.com.au
Travel,https://traveleater.net/writing-a-guest-post-for-traveleater-net/,yours@BigHugeLabs.com,traveleater.net
Travel,https://www.fiverr.com/adlermoris,null,blueblindfold.org
Travel,http://ecophiles.com/index.php/share-with-us/,submissions@ecophiles.com,ecophiles.com
Travel,http://www.greatescapepublishing.com/writers-guidelines/,editors@greatescapepublishing.com,greatescapepublishing.com
Travel,https://www.fiverr.com/preetirawat,null,tour-bc.net
Travel,http://www.goodtosee.com/contact-us/,null,goodtosee.com
Travel,http://tripoutlook.com/submit/,null,tripoutlook.com
Travel,https://www.fiverr.com/preetirawat,null,canariasetourism.net
Travel,https://www.fiverr.com/edwardjohnson83,null,aloki-travel.com
Travel,http://www.britainoutdoors.co.uk/write-for-us/,null,britainoutdoors.co.uk
Travel,http://www.columbustravelmedia.com/write-us,null,columbustravelmedia.com
Travel,http://www.rovingjay.com/,null,rovingjay.com
Travel,https://www.freewheelings.com/guest-posts/,null,freewheelings.com
Travel,https://www.fiverr.com/edwardjohnson83,null,triptourer.com
Travel,http://vacationpetfriendly.com/get-interviewed,null,vacationpetfriendly.com
Travel,https://www.fiverr.com/marialye,null,turkamagazine.com
Travel,http://www.traveldestined.com/submit-guest-post/,null,traveldestined.com
Travel,http://innerpicturestories.com/submission-guidelines/,ips@jellisvaes.com,innerpicturestories.com
Travel,http://travelfoodandwine.com/write-for-us/,null,travelfoodandwine.com
Travel,http://www.travelersjournal.co.uk/write-for-us/,shailanyvvizconde@yahoo.com,travelersjournal.co.uk
Travel,http://2moveabroad.com/write-for-us-2/,//www.2moveabroad-2016@pages.plusgoogle.com,2moveabroad.com
Travel,http://www.thetravelersbuddy.com/contribute/,null,thetravelersbuddy.com
Travel,https://www.fiverr.com/edwardjohnson83,null,hotelprocenter.com
Travel,https://www.fiverr.com/janedavies,null,sierraleonetourism.co.uk
Travel,http://guideontravel.com/write-for-us/,null,guideontravel.com
Travel,https://www.fiverr.com/edwardjohnson83,null,trance-adventure.com
Travel,https://www.fiverr.com/marialye,null,travelopera.com
Travel,https://www.fiverr.com/nielgrey,null,travelingblog.co.uk
Travel,http://www.realfloridavacations.com/contact.php,null,realfloridavacations.com
Travel,http://triptravel.in/write-for-us/,null,triptravel.in
Travel,http://www.expostmagazine.com/write-for-us/,info@expostmagazine.com,expostmagazine.com
Travel,http://thetravelmanuel.com/write-for-us/,null,thetravelmanuel.com
Travel,http://travelblog.viator.com/contact-viator/write-for-us/,null,travelblog.viator.com
Travel,http://travelicious.world/write-for-us/,null,travelicious.world
Travel,http://www.hostelbookers.com/blog/travel/write-for-us/,London.Editor@hostelbookers.com,hostelbookers.com
Travel,https://www.fundmytravel.com/blog/write-for-us/,-flighttoluxuryusa@gmail.com,fundmytravel.com
Travel,http://www.tourradar.com/blog/write-for-us/,gettingstamped@yahoo.com,tourradar.com
Travel,https://www.goabroad.com/blog/write-for-us/,careers@goabroad.com,goabroad.com
Travel,http://www.destinationstravelmagazine.com/index.php/write-for-us/,null,destinationstravelmagazine.com
Travel,http://www.confettitravelcafe.com/write-for-us/,editor@confettitravelcafe.com,confettitravelcafe.com
Travel,http://www.edreams.com/blog/write-for-us/,null,edreams.com
Travel,https://www.dontworryjusttravel.com/write-for-us-travel-website/,null,dontworryjusttravel.com
Travel,http://www.travelswithdarley.com/write-for-us/,null,travelswithdarley.com
Travel,http://indietravel.net/write-for-us/,indietravelnet@gmail.net,indietravel.net
Travel,http://wowtravel.me/home/write-for-us/,null,wowtravel.me
Travel,http://www.luxuo.com/write-for-us,null,luxuo.com
Travel,http://tripedia.info/write-for-us/,editor@tripedia.info,tripedia.info
Travel,http://www.travelsupermarket.com/blog/write-for-us/,null,travelsupermarket.com
Travel,http://stophavingaboringlife.com/write-for-us/,null,stophavingaboringlife.com
Travel,http://www.littlethingstravel.com/write-for-us/,null,littlethingstravel.com
Travel,http://www.travelingninetofiver.com/write-for-us-guest-post/,megan@travelingninetofiver.com,travelingninetofiver.com
Travel,http://holidaytripper.com/write-for-us/,null,holidaytripper.com
Travel,http://www.happytrips.com/write-for-us,null,happytrips.com
Travel,https://artoftravel.tips/write-for-us/,null,artoftravel.tips
Travel,http://www.sacredrides.com/blog/write-for-us,null,sacredrides.com
Travel,http://www.thecaviarspoon.com/about-us/write-for-us/,null,thecaviarspoon.com
Travel,http://blog.ohheyworld.com/write-for-us/,“shannon@ohheyworld.com,blog.ohheyworld.com
Travel,http://www.pretravels.com/write-for-us/,null,pretravels.com
Travel,https://yogatraveltree.com/write-for-us/,null,yogatraveltree.com
Travel,http://zafigo.com/write-for-us/,info@zafigo.com,zafigo.com
Travel,http://www.sightseeingtourslondon.com/write-for-us/,null,sightseeingtourslondon.com
Travel,http://wanderingchina.com/our-writers/write-for-us/,null,wanderingchina.com
Travel,http://www.planitnz.com/home/write-for-us/,hello@planitnz.com,planitnz.com
Travel,https://www.roadaffair.com/write-for-us/,null,roadaffair.com
Travel,http://totaltravelblog.co.uk/write-for-us/,null,totaltravelblog.co.uk
Travel,http://www.aswesawit.com/about/write-for-us/,dan@aswesawit.com,aswesawit.com
Travel,http://writefortravel.com/write-for-us/,carolann@writefortravel.com,writefortravel.com
Travel,https://belize-travel-blog.chaacreek.com/write-for-us/,belizetravelblog@chaacreek.com,belize-travel-blog.chaacreek.com
Travel,https://trip101.com/write-for-us,info@trip101.com,trip101.com
Travel,http://www.viraltravel.com/write-for-us/,null,viraltravel.com
Travel,http://www.girlabouttheglobe.com/write-for-us/,null,girlabouttheglobe.com
Travel,https://www.365tickets.com/write-for-us,neil@365tickets.com,365tickets.com
Travel,https://storyv.com/write-for-us/,hello@storyv.com,storyv.com
Travel,http://trulytraveled.com/write-for-us/,null,trulytraveled.com
Travel,http://newyorkjewishtravelguide.com/write-for-us/,newyorkjewishtravelguide@yahoo.com,newyorkjewishtravelguide.com
Travel,http://www.hashtagtravelsociety.com/write-for-us,hello@hashtagtravelsociety.com,hashtagtravelsociety.com
Travel,http://www.eco-friendly-africa-travel.com/write-for-us.html,jitkn@gmail.com,eco-friendly-africa-travel.com
Travel,https://www.passports.com/blog/post/write-for-us,info@passports.com,passports.com
Travel,https://www.spotahome.com/blog/write-for-us,null,spotahome.com
Travel,http://elitetravelblog.com/write-for-us-guest-post/,elitetravelblog8@gmail.com,elitetravelblog.com
Travel,http://blog.hellobc.com/write-for-us/,null,blog.hellobc.com
Travel,https://www.hipmunk.com/tailwind/write-for-us/,null,hipmunk.com
Travel,http://www.globocation.com/write-for-us-travel-writers/,info@globocation.com,globocation.com
Travel,http://tripologist.com/write-for-us/,null,tripologist.com
Travel,http://www.vagabondfamily.org/write-for-us/,parents@vagabondfamily.org,vagabondfamily.org
Travel,http://www.ridebooker.com/blog/write-for-us/,null,ridebooker.com
Travel,http://www.ministryofvillas.com/write-for-us/,info@ministryofvillas.com,ministryofvillas.com
Travel,http://www.globalgrasshopper.com/write-for-us/,null,globalgrasshopper.com
Travel,http://www.buckettripper.com/about-us/write-for-us/,null,buckettripper.com
Travel,http://europe-backpacker.com/work-with-us/write-for-us/,laura@europe-backpacker.com,europe-backpacker.com
Travel,http://www.holiday-square.com/contribute-write-for-us/,null,holiday-square.com
Travel,http://www.travelpleasing.com/write-for-us/,travelpleasing@gmail.com,travelpleasing.com
Travel,https://www.overseasattractions.com/write-for-us/,echo@overseasattractions.com,overseasattractions.com
Travel,http://baazitravels.com/write-for-us/,null,baazitravels.com
Travel,http://jacarandatravels.com/write-for-us/,JacarandaTravels@gmail.com,jacarandatravels.com
Travel,http://www.bestspotsph.com/p/write-for-us.html,null,bestspotsph.com
Travel,http://parisjourney.com/write-for-us,null,parisjourney.com
Travel,http://www.runningawayfromhome.org/write-for-us/,null,runningawayfromhome.org
Travel,http://www.angelashupe.com/write-for-us/,null,angelashupe.com
Travel,http://www.urbanghostsmedia.com/write-for-us/,null,urbanghostsmedia.com
Travel,http://www.travelme.world/write-for-us-get-your-story-featured/,null,travelme.world
Travel,http://www.birdsofafeatherpress.com/write-for-us/,jayartale@gmail.com,birdsofafeatherpress.com
Travel,http://globalhobo.com.au/2015/03/17/write-for-us-from-barcelona/,hello@globalhobo.com.au,globalhobo.com.au
Travel,https://www.luxuryhotelassociation.org/luxury-hoteliers-magazine/write-for-us/,null,luxuryhotelassociation.org
Travel,http://www.singaporenbeyond.com/write-for-us/,null,singaporenbeyond.com
Travel,http://www.berkut-travel.com/write-for-us/,null,berkut-travel.com
Travel,http://guessthiscity.com/write-for-us/,null,guessthiscity.com
Travel,http://vitabellamagazine.com/write-for-us/,submissions@vitabellamagazine.com,vitabellamagazine.com
Travel,http://www.destinworld.co.uk/write-for-us/,info@destinworld.com,destinworld.co.uk
Travel,http://www.travelvivi.com/write-for-us/,null,travelvivi.com
Travel,http://www.purewander.com/write-for-us/,eileen@purewander.com,purewander.com
Travel,http://www.travelbloggersguide.com/write-for-us/,null,travelbloggersguide.com
Travel,http://mahztravel.com/contact/write-for-us-guest-blog-for-us/,null,mahztravel.com
Travel,https://moonpeak.org/write-for-us/,moonpeak@gmail.com,moonpeak.org
Travel,https://www.uncharted101.com/write-for-us/,null,uncharted101.com
Travel,https://introvertdear.com/write-for-us/,submissionsID@gmail.com,introvertdear.com
Travel,http://winelifetoday.com/write-for-us/,null,winelifetoday.com
Travel,http://www.gokunming.com/en/pages/t/write-for-us/,null,gokunming.com
Travel,http://anewtraveller.com/write-for-us/,donate@anewtraveller.com,anewtraveller.com
Travel,http://www.theaa.ie/travelhub/want-to-write-for-us/,null,theaa.ie
Travel,http://travelballmoms.com/write-for-us/,null,travelballmoms.com
