Photography,http://digital-photography-school.com/write-for-digital-photography-school,null,digital-photography-school.com
Photography,http://www.steves-digicams.com/news/write_for_steves_digicams.html,fb@steves-digicams.com,steves-digicams.com
Photography,http://www.iheartfaces.com/how-it-works/submit-a-tutorial/,null,iheartfaces.com
Photography,http://photo-tips-online.com/partner/,null,photo-tips-online.com
Photography,http://www.dphotojournal.com/suggest-a-story/,null,dphotojournal.com
Photography,http://www.thisiscolossal.com/submissions/,tips@thisiscolossal.com,thisiscolossal.com
Photography,http://digital-photography-school.com/write-for-digital-photography-school,null,digital-photography-school.com
Photography,http://www.steves-digicams.com/news/write_for_steves_digicams.html,fb@steves-digicams.com,steves-digicams.com
Photography,http://www.instantshift.com/contribute/,contact@instantshift.com,instantshift.com
Photography,http://www.iheartfaces.com/how-it-works/submit-a-tutorial/,null,iheartfaces.com
Photography,http://www.crazyleafdesign.com/blog/contact/,null,crazyleafdesign.com
Photography,http://photodoto.com/write-for-photodoto/,contact@photodoto.com,photodoto.com
Photography,http://www.thrillophilia.com/blog/submit-a-travel-guest-post/,guestpost@thrillophilia.com,thrillophilia.com
Photography,http://www.fashionphotographyblog.com/contributor/contributors-wanted/,contributors@fashionphotographyblog.com,fashionphotographyblog.com
Photography,http://learnmyshot.com/partner-with-us/submit-photography-guest-post/,null,learnmyshot.com
Photography,http://learnshootinspire.com/write-for-us/,null,learnshootinspire.com
Photography,http://photo-tips-online.com/partner/,info@photo-tips-online.com,photo-tips-online.com
Photography,http://www.guidetofilmphotography.com/write-for-us.html,null,guidetofilmphotography.com
Photography,http://www.latitudethirtyfour.com/write-for-us/,null,latitudethirtyfour.com
Photography,http://www.photoaspects.com/write-for-us/,null,photoaspects.com
Photography,http://amipsyche.com/submit-guest-post,amipsyche@gmail.com,amipsyche.com
Photography,http://www.apnphotographyschool.com/write-for-us/,null,apnphotographyschool.com
Photography,http://modernlensmagazine.com/write-for-us/,null,modernlensmagazine.com
Photography,http://www.guidetofilmphotography.com/write-for-us.html,null,guidetofilmphotography.com
Photography,http://www.photoaspects.com/write-for-us/,null,photoaspects.com
Photography,http://actionphotoschool.com/write-for-us/,editor@actionphotoschool.com,actionphotoschool.com
Photography,http://121clicks.com/write-for-us,null,121clicks.com
Photography,http://www.photocritic.org/articles/wanna-write-for-us,null,photocritic.org
Photography,http://www.lightroomfanatic.com/write-for-us/,contact@lightroomfanatic.com,lightroomfanatic.com
Photography,http://pixelpluck.com/write-for-us/,info@pixelpluck.com,pixelpluck.com
Photography,http://learnshootinspire.com/write-for-us/,null,learnshootinspire.com
Photography,http://learnmyshot.com/write-for-us/,null,learnmyshot.com
Photography,http://www.mobiography.net/write-for-us/,null,mobiography.net
Photography,http://www.michianasassy.com/Write-for-Us/,null,michianasassy.com
Photography,https://fstoptraining.com/write-for-us/,307310|info@fstoptraining.com,fstoptraining.com
Photography,https://allaboutbaja.com/write-for-us/,allaboutbajadotcom@gmail.com,allaboutbaja.com
Photography,https://www.exploreasheville.com/write-for-us/,editor@exploreasheville.com,exploreasheville.com
Photography,http://www.phototraces.com/write-for-us/,viktor@phototraces.com,phototraces.com
Photography,http://montrealrampage.com/write-for-us/,www.montrealrampage@gmail.com,montrealrampage.com
Photography,http://www.hdrphotographypro.org/write-for-us/,null,hdrphotographypro.org
Photography,http://blog.studentlifenetwork.com/write-for-us-2/,null,blog.studentlifenetwork.com
Photography,http://www.diyphotographystuff.info/write-for-us/,null,diyphotographystuff.info
Photography,http://www.csrfm.com/features/write-for-us/,null,csrfm.com
Photography,http://diss.ltd/write-for-us,null,diss.ltd
Photography,https://sanbi.co.uk/index.php/blog/write-for-us-author-opportunity,Sales@Sanbi.co.uk,sanbi.co.uk
Photography,http://www.latitudethirtyfour.com/write-for-us/,null,latitudethirtyfour.com
Photography,https://foodtank.com/write-for-us/,McKenna@FoodTank.com,foodtank.com
Photography,http://www.startsateight.com/write-for-us/,heidi@startsateight.com,startsateight.com
Photography,http://www.minibackdrops.com/write-for-us/,null,minibackdrops.com
Photography,http://freedomprepper.com/write-for-us/,null,freedomprepper.com
Photography,http://www.tasteoftheplace.com/write-for-us/,null,tasteoftheplace.com
Photography,http://www.capturelandscapes.com/write-for-us/,chris@capturelandscapes.com,capturelandscapes.com
Photography,http://www.oceancity.com/write-for-us/,info@OceanCity.com,oceancity.com
Photography,http://www.artisticechoes.co.uk/index.php/write-for-us/,info@artisticechoes.co.uk,artisticechoes.co.uk
Photography,http://photosoftwareblog.com/write-for-us/,null,photosoftwareblog.com
Photography,http://shutterskills.com/write-for-us,null,shutterskills.com
Photography,http://www.passyunkpost.com/write-for-us/,punk@passyunkpost.com,passyunkpost.com
Photography,https://www.idealbridemagazine.co.uk/write-for-us/,editor@idealbridemagazine.co.uk,idealbridemagazine.co.uk
Photography,http://www.apogeephoto.com/write-for-us/,null,apogeephoto.com
Photography,http://www.thetribeonline.com/write-for-us/,editor@thetribeonline.com,thetribeonline.com
Photography,http://www.mytaste.uk/s/food-blog-write-for-us.html,null,mytaste.uk
Photography,http://archcitysports.com/write-for-us/,null,archcitysports.com
Photography,http://www.camerafund.com/write-for-us.html,mail@camerafund.com,camerafund.com
Photography,http://wordcrafts.net/write-for-us/,null,wordcrafts.net
Photography,https://www.insidelouisville.com/louisville-news/write-for-us/,email@insidelouisville.com,insidelouisville.com
Photography,http://torontophotographysolutions.com/write-for-us/,null,torontophotographysolutions.com
Photography,http://theforeverdog.com/write-for-us/,null,theforeverdog.com
Photography,http://ipiccy.com/blog/write-for-us/,null,ipiccy.com
Photography,https://www.theyogaviva.com/write-for-us/,null,theyogaviva.com
Photography,http://horizonadv.com/write-for-us/,Info@HorizonADV.com,horizonadv.com
Photography,http://www.feelthewild.com/write-for-us/,null,feelthewild.com
Photography,http://www.bedlinendirect.co.uk/blog/write-for-us/,null,bedlinendirect.co.uk
Photography,http://www.prostamerika.com/home/write-for-us,Radiomlsprost@gmail.com,prostamerika.com
Photography,http://www.northernstartingeleven.com/write-for-us/,editor@northernstartingeleven.com,northernstartingeleven.com
Photography,http://blog.backdropexpress.com/write-for-us/,info@backdropexpress.com,blog.backdropexpress.com
Photography,http://www.sportstalkphilly.com/write-for-us.html,sportstalkphilly@gmail.com,sportstalkphilly.com
Photography,http://artzray.com/write-for-us/,info@artzray.com,artzray.com
Photography,http://www.naturephotography.info/about-us/write-for-us/,null,naturephotography.info
Photography,http://photographyisland.net/write-for-us/,photographyislandblog@gmail.com,photographyisland.net
Photography,http://www.powerautomedia.com/write-for-us/,contact@powerautomedia.com,powerautomedia.com
Photography,http://www.moto-verso.co.uk/about-us/write-for-us/,null,moto-verso.co.uk
Photography,https://www.thetbank.com/information/write-for-us,admin@thetbank.com,thetbank.com
Photography,http://www.bridezilla.com/write-for-us,zilla@bridezilla.com,bridezilla.com
Photography,http://www.amazingsulawesi.com/write-for-us,null,amazingsulawesi.com
Photography,https://www.prettyforum.com/write-for-us/,karlen@prettyforum.com,prettyforum.com
Photography,https://tucsonfoodie.com/write-for-us/,null,tucsonfoodie.com
Photography,http://presetshop.com/write-for-us/,null,presetshop.com
Photography,https://sonofagun.tv/write-for-us/,editor@photofotomag.com,sonofagun.tv
Photography,http://www.focusonoutdoorphotography.com/write-for-us/,null,focusonoutdoorphotography.com
Photography,http://www.informationsociety.co.uk/write-for-us/,online@informationsociety.co.uk,informationsociety.co.uk
Photography,http://www.thesnapshotcafe.com/write-for-us/,info@thesnapshotcafe.com,thesnapshotcafe.com
Photography,http://www.plumdeluxe.com/write-for-us,null,plumdeluxe.com
Photography,http://gowestyoungmom.com/go-west-young-mom-wants-you-to-write-for-us/,null,gowestyoungmom.com
Photography,http://city543.com/taipei/2015/04/19/write-for-us-join-the-city543-team-as-a-writer-and-photographer/,null,city543.com
